Symbol,Place,Method,Voicing
mÃ•,bilabial,nasal,
m,bilabial,nasal,voiced
…±,labiodental,nasal,voiced
nÃº,linguolabial,nasal,voiced
nÃ•,alveolar,nasal,
n,alveolar,nasal,voiced
…≥Ãä,retroflex,nasal,
…≥,retroflex,nasal,voiced
…≤Ãä,palatal,nasal,
…≤,palatal,nasal,voiced
≈ãÃä,velar,nasal,
≈ã,velar,nasal,voiced
…¥,uvular,nasal,voiced
p,bilabial,plosive,
b,bilabial,plosive,voiced
pÃ™,labiodental,plosive,
bÃ™,labiodental,plosive,voiced
tÃº,linguolabial,plosive,
dÃº,linguolabial,plosive,voiced
t,alveolar,plosive,
d,alveolar,plosive,voiced
 à,retroflex,plosive,
…ñ,retroflex,plosive,voiced
c,palatal,plosive,
…ü,palatal,plosive,voiced
k,velar,plosive,
…°,velar,plosive,voiced
q,uvular,plosive,
…¢,uvular,plosive,voiced
 °,epiglottal,plosive,
 î,glottal,stop,
s,alveolar,fricative,
z,alveolar,fricative,voiced
 É,postalveolar,fricative,
 í,postalveolar,fricative,voiced
 Ç,retroflex,fricative,
 ê,retroflex,fricative,voiced
…ï,alveolo-palatal,fricative,
 ë,alveolo-palatal,fricative,voiced
…∏,bilabial,fricative,
Œ≤,bilabial,fricative,voiced
f,labiodental,fricative,
v,labiodental,fricative,voiced
Œ∏Ãº,linguolabial,fricative,
√∞Ãº,linguolabial,fricative,voiced
Œ∏,dental,fricative,
√∞,dental,fricative,voiced
Œ∏Ã†,alveolar,non-sibilant fricative,
√∞Ã†,alveolar,non-sibilant fricative,voiced
…πÃ†ÃäÀî,postalveolar,non-sibilant fricative,
…πÃ†Àî,postalveolar,non-sibilant fricative,voiced
…ªÃäÀî,retroflex,non-sibilant fricative,
…ªÀî,retroflex,non-sibilant fricative,voiced
√ß,palatal,fricative,
 ù,palatal,fricative,voiced
x,velar,fricative,
…£,velar,fricative,voiced
œá,uvular,fricative,
 Å,uvular,fricative,voiced
ƒß,pharyngeal,fricative,
 ï,pharyngeal,fricative,voiced
h,glottal,fricative,
…¶,glottal,fricative,voiced
 ã,labiodental,approximant,voiced
…π,alveolar,approximant,voiced
…ª,retroflex,approximant,voiced
j,palatal,approximant,voiced
…∞,velar,approximant,voiced
 îÃû,creaky-glottal,approximant,
‚±±Ãü,bilabial,flap,voiced
‚±±,labiodental,flap,voiced
…æÃº,linguolabial,tap,voiced
…æÃ•,alveolar,tap,
…æ,dental,and alveolar taps and flaps,voiced
…ΩÃä,retroflex,flap,
…Ω,retroflex,flap,voiced
…¢ÃÜ,uvular,tap and flap,voiced
 °ÃÜ,epiglottal,tap,voiced
 ôÃ•,bilabial,trill,
 ô,bilabial,trill,voiced
rÃ•,alveolar,trill,
r,alveolar,trill,voiced
…ΩÃärÃ•,retroflex,trill,
…Ωr,retroflex,trill,voiced
 ÄÃ•,uvular,trill,
 Ä,uvular,trill,voiced
 ú,epiglottal,trill,
 ¢,epiglottal,trill,voiced
…¨,alveolar,lateral fricative,
…Æ,alveolar,lateral fricative,voiced
Íûé,retroflex,lateral fricative,
…≠Àî,retroflex,lateral fricative,voiced
ùºÜ,palatal,lateral fricative,
 éÃù,palatal,lateral fricative,voiced
ùºÑ,velar,lateral fricative,
 üÃù,velar,lateral fricative,voiced
l,alveolar,lateral approximant,voiced
…≠,retroflex,lateral approximant,voiced
 é,palatal,lateral approximant,voiced
 ü,velar,lateral approximant,voiced
 üÃ†,uvular,lateral approximant,voiced
…∫Ã•,alveolar,lateral flap,
…∫,alveolar,lateral flap,voiced
ùºàÃ•,retroflex,lateral flap,
ùºà,retroflex,lateral flap,voiced
 éÃÜ,palatal,lateral flap,voiced
 üÃÜ,velar,lateral tap,voiced